15521,506.048004150391,209.517990112305,95.4624176025391,0.89016991853714,15956,0.578451097011566,Cammeo
12573,471.644989013672,199.336990356445,81.5809936523437,0.912417054176331,12979,0.534566342830658,Cammeo
13607,482.817993164062,202.847244262695,86.1541366577148,0.905322790145874,13901,0.556842386722565,Cammeo
12809,455.144012451172,189.079467773438,87.2080307006836,0.887283623218536,13025,0.590004622936249,Cammeo
13183,464.571990966797,190.691268920898,88.7695617675781,0.88504022359848,13473,0.593909084796906,Cammeo
14528,475.447998046875,192.19856262207,97.4174270629883,0.862029433250427,14795,0.62949001789093,Cammeo
17048,525.538024902344,219.488586425781,99.7342987060547,0.890800833702087,17318,0.692332684993744,Cammeo
14559,496.523986816406,213.396362304687,87.1353988647461,0.912835955619812,14765,0.710819244384766,Cammeo
13698,478.598999023438,199.060256958008,88.7896499633789,0.895011007785797,13932,0.57559460401535,Cammeo
14005,485.455993652344,207.133850097656,86.8755111694336,0.907793581485748,14212,0.563808381557465,Cammeo
15560,502.966003417969,213.963180541992,93.1208038330078,0.900324702262878,15789,0.783681690692902,Cammeo
13853,479.722991943359,193.401885986328,92.8598098754883,0.877192378044128,14338,0.586370348930359,Cammeo
16138,531.059020996094,224.347213745117,92.9473342895508,0.910139799118042,16482,0.539660274982452,Cammeo
14686,490.406005859375,203.033798217773,93.8280410766602,0.886812150478363,15065,0.614682734012604,Cammeo
15264,506.665985107422,208.761428833008,95.737190246582,0.888644814491272,15712,0.607522368431091,Cammeo
13895,488.252990722656,207.034484863281,86.1609878540039,0.909288048744202,14228,0.782905101776123,Cammeo
13290,469.712005615234,197.269256591797,86.3283386230469,0.899161577224731,13570,0.682693779468536,Cammeo
13909,474.111999511719,197.458374023438,90.1740646362305,0.889634191989899,14227,0.742962419986725,Cammeo
14730,483.705993652344,196.451263427734,96.8864288330078,0.869925558567047,15006,0.653099238872528,Cammeo
14523,491.93701171875,205.125122070312,91.1420822143555,0.895865976810455,14849,0.610005021095276,Cammeo
13983,481.658996582031,198.39045715332,90.4981460571289,0.889896869659424,14306,0.588015139102936,Cammeo
12549,456.934997558594,193.391510009766,83.7013549804687,0.901486217975616,12905,0.797065556049347,Cammeo
14289,502.813995361328,216.608383178711,85.5693817138672,0.918663084506989,14612,0.541004061698914,Cammeo
14994,508.307006835938,215.569808959961,89.6198806762695,0.909485876560211,15246,0.55076402425766,Cammeo
13283,477.289001464844,198.270660400391,86.3554534912109,0.900167763233185,13616,0.611134111881256,Cammeo
14958,505.256988525391,216.37629699707,88.3489074707031,0.912842690944672,15235,0.70860767364502,Cammeo
14852,495.816986083984,205.713638305664,92.94775390625,0.892103672027588,15202,0.601295530796051,Cammeo
14966,490.743011474609,207.639419555664,92.1642227172852,0.89609283208847,15158,0.788846731185913,Cammeo
13394,480.571990966797,205.401168823242,83.8012771606445,0.912987172603607,13699,0.65019416809082,Cammeo
16678,523.309997558594,216.897369384766,99.0448989868164,0.889649450778961,17089,0.803449273109436,Cammeo
17253,536.693969726563,223.627059936523,98.9452514648437,0.896789968013763,17678,0.672998905181885,Cammeo
13822,491.661010742188,212.135406494141,83.6546249389648,0.918962299823761,14073,0.654698729515076,Cammeo
14747,501.765991210938,213.7421875,88.5816421508789,0.910080194473267,15070,0.764410138130188,Cammeo
15274,511.053985595703,211.299926757812,93.1200485229492,0.897654056549072,15669,0.693264365196228,Cammeo
14471,491.342010498047,200.413162231445,92.8194046020508,0.88628500699997,14736,0.58596533536911,Cammeo
15119,508.342010498047,213.379302978516,91.2533569335938,0.903940618038178,15612,0.723778069019318,Cammeo
13277,463.967987060547,193.060897827148,88.1757125854492,0.889608025550842,13454,0.610156238079071,Cammeo
12988,461.990997314453,188.772903442383,88.5092163085938,0.883269250392914,13259,0.595151901245117,Cammeo
11638,451.009002685547,195.0361328125,76.9290313720703,0.918923914432526,11843,0.540598273277283,Cammeo
13321,467.407989501953,200.920288085937,85.1377868652344,0.90578430891037,13543,0.598696649074554,Cammeo
15368,503.307006835938,209.418502807617,94.393669128418,0.892654359340668,15709,0.640333354473114,Cammeo
13385,477.929992675781,199.842681884766,87.0465087890625,0.900152385234833,13656,0.56591409444809,Cammeo
14784,481.985992431641,200.027160644531,94.9805603027344,0.880073070526123,15005,0.721593141555786,Cammeo
16963,536.033020019531,220.327575683594,99.4097747802734,0.892427504062653,17467,0.592076778411865,Cammeo
15140,502.553009033203,213.895614624023,90.8973770141602,0.905211508274078,15491,0.75821316242218,Cammeo
14713,500.160003662109,207.158203125,91.4610595703125,0.897259593009949,15111,0.571933925151825,Cammeo
13684,505.654998779297,213.593627929687,83.5105895996094,0.92039966583252,14158,0.577627718448639,Cammeo
13424,461.468994140625,186.506744384766,92.6717529296875,0.867818415164948,13702,0.675523340702057,Cammeo
14020,488.582000732422,207.265182495117,86.7977981567383,0.908089280128479,14271,0.553909361362457,Cammeo
14725,472.902008056641,193.123550415039,97.7160873413086,0.862546920776367,15084,0.634315490722656,Cammeo
15603,511.743988037109,211.104202270508,95.4399871826172,0.8919677734375,16021,0.580511927604675,Cammeo
15433,519.52197265625,218.38801574707,91.6745529174805,0.907626688480377,15887,0.779444456100464,Cammeo
15371,497.665008544922,212.748931884766,92.4655685424805,0.900612533092499,15587,0.812077343463898,Cammeo
14018,480.868011474609,203.978378295898,88.1271133422852,0.901853740215302,14287,0.722428381443024,Cammeo
12879,476.576995849609,203.165969848633,81.2608337402344,0.916527092456818,13105,0.660393834114075,Cammeo
14992,502.617004394531,213.941329956055,89.9785003662109,0.907257497310638,15162,0.554642975330353,Cammeo
15275,509.855010986328,217.5546875,90.1838150024414,0.910033822059631,15582,0.667613625526428,Cammeo
13762,481.769989013672,205.040786743164,86.9354705810547,0.905666351318359,14101,0.755489706993103,Cammeo
15762,507.640991210937,205.600555419922,99.3208465576172,0.875578045845032,16261,0.663635194301605,Cammeo
14143,483.864990234375,200.878128051758,90.5923461914063,0.892533242702484,14427,0.59765887260437,Cammeo
15226,500.170013427734,205.315002441406,96.1776885986328,0.883495509624481,15594,0.793434083461762,Cammeo
14226,491.389007568359,213.786712646484,85.354118347168,0.916842579841614,14483,0.664393782615662,Cammeo
14654,498.102996826172,214.654296875,87.3805465698242,0.913394451141357,14907,0.803751647472382,Cammeo
14928,499.393005371094,212.403793334961,90.7080841064453,0.904225707054138,15269,0.797435879707336,Cammeo
15050,502.591003417969,206.386581420898,93.8085021972656,0.890732407569885,15464,0.591216206550598,Cammeo
12158,441.477996826172,182.287292480469,85.5210113525391,0.883115768432617,12359,0.715513169765472,Cammeo
15783,510.194000244141,219.551773071289,92.2481079101562,0.907447457313538,16024,0.79792720079422,Cammeo
14236,486.178985595703,201.704681396484,90.6424026489258,0.893339812755585,14545,0.656157791614533,Cammeo
15373,489.131011962891,200.140914916992,98.9659118652344,0.86918830871582,15617,0.776414155960083,Cammeo
15139,508.970001220703,217.336013793945,89.9579315185547,0.910317003726959,15394,0.549889206886292,Cammeo
15228,505.265014648438,209.625274658203,93.5268630981445,0.894952178001404,15501,0.739223301410675,Cammeo
14556,487.419006347656,208.731262207031,89.1951217651367,0.904100298881531,14819,0.776485621929169,Cammeo
13279,483.657989501953,201.338226318359,85.4755020141602,0.905410647392273,13691,0.576345503330231,Cammeo
16000,515.380981445313,215.714324951172,94.9548034667969,0.897905766963959,16289,0.673655867576599,Cammeo
14712,503.710998535156,217.609725952148,87.2852325439453,0.916030287742615,15109,0.803144454956055,Cammeo
13840,476.901000976563,201.625686645508,88.2425003051758,0.899142980575562,14205,0.630581378936768,Cammeo
12975,458.546997070313,189.818344116211,87.655029296875,0.886992514133453,13254,0.709016382694244,Cammeo
15862,507.548004150391,214.873245239258,94.8001174926758,0.897413313388824,16098,0.808337152004242,Cammeo
17338,530.044006347656,222.084365844727,100.549118041992,0.891636550426483,17725,0.792449355125427,Cammeo
16893,523.254028320313,216.240493774414,100.408164978027,0.885659337043762,17293,0.68105947971344,Cammeo
15546,518.942993164063,219.226531982422,91.3864059448242,0.9089714884758,15967,0.553514182567596,Cammeo
15269,519.765991210938,222.419555664062,88.2818298339844,0.917855024337769,15620,0.565748989582062,Cammeo
15583,510.691009521484,217.351547241211,92.1208953857422,0.905740082263947,15826,0.686959981918335,Cammeo
14840,512.007995605469,220.514312744141,86.4150238037109,0.920016586780548,15160,0.564172744750977,Cammeo
14805,484.631988525391,202.980239868164,93.6964721679687,0.887086153030396,15090,0.784204661846161,Cammeo
13860,483.971008300781,207.789199829102,85.961067199707,0.910416185855866,14047,0.648148119449616,Cammeo
12468,461.549987792969,196.818283081055,81.5472946166992,0.910127699375153,12786,0.6765056848526,Cammeo
13913,493.606994628906,212.985473632812,83.9913482666016,0.918959259986877,14218,0.572127640247345,Cammeo
12978,465.850006103516,199.12939453125,83.9119186401367,0.90687769651413,13210,0.735130846500397,Cammeo
13657,469.236999511719,193.107421875,90.7780380249023,0.882618010044098,13930,0.615346491336823,Cammeo
14246,488.915985107422,210.753723144531,86.8851776123047,0.91106653213501,14453,0.748057126998901,Cammeo
13651,502.079986572266,222.07356262207,79.3372650146484,0.934006214141846,14034,0.792648911476135,Cammeo
13677,485.528991699219,207.394607543945,85.1431427001953,0.911843955516815,13874,0.585663497447968,Cammeo
15107,488.865997314453,205.215209960937,94.3698196411133,0.887992560863495,15322,0.787232935428619,Cammeo
14956,490.256011962891,204.541229248047,93.7512893676758,0.888772249221802,15196,0.672784507274628,Cammeo
15448,521.317993164063,224.890533447266,88.7365112304687,0.918863117694855,15847,0.705388128757477,Cammeo
14898,501.494995117188,215.563339233398,88.7705993652344,0.9112708568573,15156,0.658504247665405,Cammeo
13683,490.792999267578,210.281967163086,84.0450210571289,0.916655719280243,14187,0.773925364017487,Cammeo
12412,456.579986572266,191.571624755859,83.4498596191406,0.90013712644577,12779,0.649502873420715,Cammeo
13933,471.713989257813,193.516723632813,91.8762435913086,0.880109071731567,14177,0.744642198085785,Cammeo
15500,502.321014404297,213.367004394531,93.554573059082,0.898746848106384,15724,0.81497448682785,Cammeo
14747,494.941986083984,209.205902099609,90.6475372314453,0.901252925395966,15124,0.556028962135315,Cammeo
15144,503.324005126953,212.195388793945,91.7761535644531,0.901630222797394,15469,0.627860724925995,Cammeo
13970,494.653991699219,211.742691040039,85.0702514648438,0.915743947029114,14280,0.696271955966949,Cammeo
12375,451.080993652344,185.781158447266,86.2373809814453,0.885736703872681,12755,0.649742722511292,Cammeo
15484,504.819000244141,211.288055419922,94.471809387207,0.894472360610962,15795,0.679122805595398,Cammeo
13541,478.460998535156,206.699493408203,84.0985565185547,0.913488805294037,13768,0.81346869468689,Cammeo
13455,468.861999511719,196.684906005859,87.9844512939453,0.894365429878235,13730,0.654935777187347,Cammeo
13043,471.356994628906,199.289642333984,84.5506973266602,0.905540227890015,13422,0.736434996128082,Cammeo
13697,482.384002685547,206.734451293945,85.1809310913086,0.91117000579834,13927,0.597079336643219,Cammeo
15004,506.944000244141,218.603622436523,88.0903701782227,0.915213882923126,15277,0.714884698390961,Cammeo
14634,493.027008056641,208.136154174805,90.3794326782227,0.900800943374634,14898,0.710250437259674,Cammeo
13814,481.415985107422,203.062347412109,87.3184814453125,0.902824938297272,14112,0.637471139431,Cammeo
16480,525.153991699219,220.308120727539,96.4774398803711,0.899013698101044,16842,0.576264083385468,Cammeo
12403,451.243988037109,194.006195068359,82.4192504882813,0.905274093151093,12596,0.830687820911408,Cammeo
13574,481.157012939453,206.467651367188,84.4244918823242,0.912579476833344,13870,0.809614717960358,Cammeo
14253,485.023010253906,202.329940795898,90.5991744995117,0.894144058227539,14522,0.622619271278381,Cammeo
15586,505.877014160156,218.573211669922,91.2437210083008,0.908699214458466,15814,0.823784351348877,Cammeo
14906,497.825012207031,211.341903686523,90.6529541015625,0.903333067893982,15150,0.597482740879059,Cammeo
15123,518.257995605469,226.381439208984,85.8407821655274,0.925320267677307,15378,0.636918783187866,Cammeo
12974,460.4169921875,191.325775146484,87.2857055664062,0.889869570732117,13310,0.677210569381714,Cammeo
15513,522.504028320313,224.275833129883,89.0146636962891,0.9178626537323,15967,0.566167891025543,Cammeo
12684,461.358001708984,198.202117919922,81.8942794799805,0.910646796226501,12912,0.547101438045502,Cammeo
13170,472.101989746094,200.195434570312,84.8755187988281,0.905679404735565,13383,0.544935464859009,Cammeo
15375,494.316009521484,204.470733642578,96.9816055297852,0.880360305309296,15631,0.739182710647583,Cammeo
17856,530.416015625,223.292358398437,102.901275634766,0.887485027313232,18062,0.79572194814682,Cammeo
15655,513.301025390625,216.098999023438,93.5671463012695,0.901402175426483,16085,0.565652549266815,Cammeo
17404,521.864990234375,211.063018798828,106.337821960449,0.863808512687683,17739,0.684657752513886,Cammeo
12060,450.154998779297,188.960388183594,82.3294525146484,0.90009343624115,12480,0.622708737850189,Cammeo
12519,455.406005859375,192.002182006836,83.8721466064453,0.899544477462769,12770,0.670684695243835,Cammeo
15806,513.844970703125,221.1923828125,91.629508972168,0.910161972045898,16043,0.574868142604828,Cammeo
14124,486.591003417969,202.960830688477,89.8758010864258,0.896608889102936,14576,0.702721536159515,Cammeo
16618,513.752990722656,213.217132568359,99.8923416137695,0.883463203907013,16892,0.636412382125855,Cammeo
15321,513.007019042969,218.711959838867,90.2606658935547,0.910870671272278,15646,0.711876213550568,Cammeo
12752,459.447998046875,196.430053710937,83.1092681884766,0.906083703041077,13059,0.79067462682724,Cammeo
14479,473.957000732422,193.131820678711,96.9485931396484,0.864878416061401,14812,0.636635422706604,Cammeo
12685,468.596008300781,199.65998840332,82.1983871459961,0.911323130130768,13042,0.695907413959503,Cammeo
14339,492.308013916016,205.773162841797,90.8565902709961,0.897242724895477,14818,0.627472460269928,Cammeo
14115,483.779998779297,206.841873168945,88.0686492919922,0.904827833175659,14312,0.747656106948853,Cammeo
13864,491.446014404297,206.883697509766,86.3506240844727,0.908728718757629,14221,0.715967774391174,Cammeo
14096,476.954010009766,198.7421875,91.3667068481445,0.888061463832855,14346,0.599319756031036,Cammeo
15779,506.377014160156,209.404891967773,97.4309005737305,0.885166108608246,16201,0.61946451663971,Cammeo
15218,508.135986328125,214.277069091797,91.7102737426758,0.903779447078705,15685,0.668012797832489,Cammeo
13814,477.585998535156,198.903076171875,89.6753997802734,0.892599880695343,14168,0.69097638130188,Cammeo
13337,471.846984863281,199.144668579102,86.4656448364258,0.900823712348938,13686,0.664457976818085,Cammeo
13024,459.77099609375,191.904998779297,88.0344467163086,0.888570666313171,13325,0.779693484306335,Cammeo
14836,495.105010986328,208.595275878906,91.3899993896484,0.898915946483612,15164,0.600550532341003,Cammeo
14296,484.243988037109,202.979858398437,91.0714492797852,0.893696308135986,14572,0.757243514060974,Cammeo
10785,437.884002685547,181.265808105469,77.6593017578125,0.903576076030731,11209,0.550142824649811,Cammeo
14871,487.618011474609,204.191101074219,93.7997665405274,0.888243734836578,15067,0.763084948062897,Cammeo
14449,496.325988769531,209.705764770508,89.7903671264649,0.903696715831757,14810,0.662312090396881,Cammeo
14463,480.489990234375,201.934219360352,91.9438934326172,0.890329897403717,14698,0.675115525722504,Cammeo
12887,468.8330078125,197.763214111328,83.7241744995117,0.90596354007721,13241,0.556770086288452,Cammeo
13138,470.415008544922,203.862823486328,82.9842147827148,0.91340184211731,13361,0.810987651348114,Cammeo
14833,496.936004638672,209.312316894531,91.4758987426758,0.899446606636047,15072,0.556752502918243,Cammeo
12256,453.464996337891,189.971130371094,83.1052932739258,0.899236559867859,12565,0.583619058132172,Cammeo
15475,511.427001953125,219.148239135742,91.4625473022461,0.908743679523468,15759,0.78873598575592,Cammeo
15248,509.002990722656,217.992477416992,90.1074676513672,0.91057163476944,15557,0.735339522361755,Cammeo
14750,482.825012207031,198.503356933594,95.4746856689453,0.876735627651215,15046,0.605500817298889,Cammeo
12711,470.162994384766,196.363800048828,83.7809600830078,0.904411196708679,13007,0.560449719429016,Cammeo
13495,466.959014892578,196.395538330078,88.2130584716797,0.89345121383667,13725,0.689575910568237,Cammeo
13884,478.701995849609,201.316299438477,89.1812057495117,0.896526336669922,14217,0.797931015491486,Cammeo
15613,509.760986328125,210.278076171875,96.0243301391602,0.889644384384155,15975,0.572596907615662,Cammeo
14645,485.113006591797,201.153778076172,93.5803985595703,0.885196030139923,14889,0.646407127380371,Cammeo
12699,458.013000488281,192.594497680664,85.203857421875,0.896817684173584,12965,0.590651154518127,Cammeo
15322,506.398010253906,217.863754272461,90.1770706176758,0.910315573215485,15531,0.813615143299103,Cammeo
13340,471.639007568359,197.410064697266,87.4258041381836,0.896588802337647,13712,0.765610635280609,Cammeo
15404,499.230987548828,206.086929321289,95.6330413818359,0.885813057422638,15740,0.624756634235382,Cammeo
13789,494.380004882813,216.915512084961,82.1564483642578,0.925499618053436,14109,0.532743513584137,Cammeo
12491,457.140991210938,194.875457763672,82.4910888671875,0.905988812446594,12721,0.770478665828705,Cammeo
14880,502.881011962891,217.998657226562,87.5546112060547,0.915802419185638,15129,0.576699495315552,Cammeo
13568,478.311004638672,204.069122314453,85.5091247558594,0.907976806163788,13819,0.568316996097565,Cammeo
12819,472.690002441406,202.344024658203,81.2073059082031,0.915932297706604,13137,0.65396386384964,Cammeo
17246,540.5419921875,225.988861083984,98.5731506347656,0.899856567382813,17704,0.573929250240326,Cammeo
12068,450.14599609375,187.299926757813,83.1462554931641,0.896066248416901,12426,0.650075435638428,Cammeo
14053,482.084014892578,204.378631591797,88.2391052246094,0.901996493339539,14316,0.713350236415863,Cammeo
12711,459.618011474609,192.974624633789,84.9510803222656,0.897890448570251,13028,0.581952214241028,Cammeo
11746,450.829010009766,194.19091796875,77.743896484375,0.916363298892975,11953,0.555208921432495,Cammeo
14291,481.239990234375,196.501007080078,93.8712921142578,0.878515362739563,14618,0.589198112487793,Cammeo
15366,508.792999267578,211.372650146484,93.9678039550781,0.895749151706696,15746,0.564594328403473,Cammeo
15557,509.022003173828,211.933547973633,94.7585983276367,0.894476652145386,16075,0.643117010593414,Cammeo
13652,486.627990722656,210.345230102539,83.2991333007812,0.918245553970337,13950,0.579801261425018,Cammeo
13574,488.497009277344,210.686309814453,83.7444686889648,0.917609035968781,13856,0.551676511764526,Cammeo
13621,473.898986816406,198.84587097168,88.4286880493164,0.895674765110016,13989,0.608460664749146,Cammeo
14025,475.957000732422,197.391906738281,91.7545623779297,0.885397613048553,14423,0.679901123046875,Cammeo
14431,497.06298828125,212.045669555664,87.8514175415039,0.910138487815857,14805,0.648642599582672,Cammeo
13469,475.087005615234,203.247817993164,84.8679809570313,0.908649742603302,13739,0.727778673171997,Cammeo
13632,485.93701171875,205.214950561523,85.8313522338867,0.908331513404846,13905,0.550121068954468,Cammeo
11151,438.261993408203,191.600875854492,74.8474349975586,0.920542478561401,11325,0.665969908237457,Cammeo
12878,459.60400390625,192.172271728516,85.9566879272461,0.894389092922211,13213,0.576248407363892,Cammeo
11625,437.359985351563,186.708145141602,79.7237777709961,0.904253125190735,11830,0.721870362758637,Cammeo
14312,488.419006347656,208.17024230957,88.4086532592773,0.905336916446686,14692,0.793348133563995,Cammeo
13806,490.510009765625,209.720840454102,85.1312408447266,0.913905739784241,14284,0.795872509479523,Cammeo
13928,479.723999023438,204.430282592773,87.0827026367187,0.904733717441559,14158,0.56627094745636,Cammeo
13139,472.251007080078,202.597671508789,83.7917785644531,0.910464584827423,13379,0.783669352531433,Cammeo
12234,449.380004882813,188.625930786133,83.9093322753906,0.895607471466064,12492,0.594749629497528,Cammeo
13990,484.046997070313,205.397796630859,87.6490478515625,0.904379904270172,14315,0.590793907642365,Cammeo
15307,489.471008300781,197.202651977539,100.132987976074,0.861494481563568,15628,0.679103791713715,Cammeo
11377,452.407989501953,201.306259155273,72.2814178466797,0.933313727378845,11555,0.525545060634613,Cammeo
13207,469.700012207031,196.487503051758,87.3390121459961,0.895778059959412,13546,0.574542105197907,Cammeo
13404,476.205993652344,203.311569213867,84.6219940185547,0.909264743328095,13751,0.634659111499786,Cammeo
13334,470.523986816406,194.319198608398,89.2918548583984,0.888171970844269,13738,0.624309420585632,Cammeo
11671,459.779998779297,199.403213500977,75.4584808349609,0.925633370876312,12110,0.643207490444183,Cammeo
17135,525.93798828125,217.72834777832,101.154624938965,0.885525405406952,17471,0.593728363513947,Cammeo
14816,496.316009521484,206.657424926758,92.1741256713867,0.895021140575409,15194,0.581498503684998,Cammeo
15336,508.785003662109,219.262298583984,89.7419662475586,0.912404119968414,15599,0.580008327960968,Cammeo
16386,515.096984863281,208.953125,100.742576599121,0.876099646091461,16813,0.607563972473145,Cammeo
14204,482.170013427734,201.073883056641,91.0908432006836,0.8914994597435,14523,0.616011798381805,Cammeo
13589,483.884002685547,205.354751586914,85.4103240966797,0.909403026103973,13883,0.545742988586426,Cammeo
14439,492.553009033203,211.852142333984,87.4346694946289,0.910859942436218,14614,0.572794377803803,Cammeo
13982,495.341003417969,214.167556762695,84.7772827148438,0.918317079544067,14298,0.781466603279114,Cammeo
14410,477.661987304688,197.176376342773,93.6603393554688,0.879981517791748,14645,0.657270550727844,Cammeo
12244,455.274993896484,192.507385253906,81.4286193847656,0.90613454580307,12480,0.575240790843964,Cammeo
14070,484.216003417969,203.280044555664,89.0918807983399,0.898842573165894,14448,0.567338705062866,Cammeo
14687,498.390991210938,210.580444335937,90.2958831787109,0.903401732444763,14977,0.566103935241699,Cammeo
11735,453.518005371094,194.104843139648,78.0198745727539,0.915662884712219,11956,0.715330719947815,Cammeo
12835,481.502990722656,212.537536621094,77.4526214599609,0.931235253810883,13055,0.511946082115173,Cammeo
14853,488.561004638672,201.563125610352,95.4724502563477,0.880707621574402,15224,0.678529024124146,Cammeo
15061,497.359008789063,207.650421142578,93.0558471679688,0.893964886665344,15327,0.7167809009552,Cammeo
13385,460.825012207031,192.646148681641,89.7134857177734,0.884947597980499,13595,0.612754046916962,Cammeo
12555,444.579986572266,184.825332641602,87.3672256469727,0.881222546100616,12773,0.652207791805267,Cammeo
16067,526.424987792969,228.942260742187,90.1462249755859,0.919217169284821,16370,0.555855393409729,Cammeo
15105,503.2919921875,215.582672119141,89.7966766357422,0.909121930599213,15327,0.600477039813995,Cammeo
13434,455.822998046875,184.170333862305,93.3828506469727,0.861918985843658,13686,0.635838687419891,Cammeo
14961,502.908996582031,215.192504882812,89.2314224243164,0.909977078437805,15218,0.675318241119385,Cammeo
12429,469.608001708984,202.414672851563,78.8898696899414,0.920923292636871,12714,0.556854844093323,Cammeo
13002,460.127014160156,191.424209594727,87.7746353149414,0.888676524162293,13325,0.679452359676361,Cammeo
15147,510.015991210938,213.156173706055,91.6926879882812,0.902749478816986,15719,0.588735997676849,Cammeo
15055,508.276000976563,218.976516723633,88.4911499023437,0.914709270000458,15361,0.68622088432312,Cammeo
13540,458.529998779297,189.111404418945,92.3939056396484,0.872525453567505,13710,0.799952745437622,Cammeo
11962,449.441986083984,192.088912963867,80.964729309082,0.906830191612244,12171,0.538901627063751,Cammeo
12692,443.143005371094,182.932830810547,88.9525985717773,0.87381511926651,12849,0.638237953186035,Cammeo
11859,444.800994873047,183.552764892578,83.5742034912109,0.890330791473389,12213,0.763127386569977,Cammeo
13627,476.989013671875,201.194519042969,86.9522552490234,0.901787340641022,13926,0.780559062957764,Cammeo
13982,479.785003662109,204.542388916016,88.2796478271484,0.902067065238953,14221,0.772913217544556,Cammeo
14870,506.561004638672,214.931228637695,89.4002532958984,0.909388303756714,15202,0.579727113246918,Cammeo
14263,490.751007080078,203.778442382812,90.2658843994141,0.896540939807892,14779,0.731548428535461,Cammeo
13954,481.287994384766,204.777450561523,87.5046234130859,0.904102444648743,14277,0.581126093864441,Cammeo
13425,477.197998046875,199.756362915039,86.6409683227539,0.901041328907013,13784,0.611673057079315,Cammeo
14057,463.141998291016,189.792602539063,95.0888519287109,0.865438878536224,14259,0.626119077205658,Cammeo
17198,520.992004394531,209.97021484375,105.670585632324,0.864132344722748,17586,0.606160998344421,Cammeo
14675,493.928985595703,199.233627319336,95.6833648681641,0.877127766609192,15317,0.616855800151825,Cammeo
12291,440.957000732422,186.187774658203,84.6807403564453,0.890586614608765,12476,0.730172872543335,Cammeo
15072,487.584991455078,202.494735717773,95.3552703857422,0.882185280323029,15267,0.790558636188507,Cammeo
16390,502.678009033203,207.04866027832,101.517143249512,0.871550500392914,16635,0.714503705501556,Cammeo
13142,464.651000976563,194.744995117188,86.5872955322266,0.895719885826111,13406,0.661332547664642,Cammeo
12759,463.640991210938,200.957458496094,81.2090835571289,0.91471004486084,12993,0.778937757015228,Cammeo
16944,543.1259765625,236.125213623047,92.6810302734375,0.919748604297638,17189,0.651943027973175,Cammeo
15510,507.319000244141,215.954818725586,92.4743728637695,0.903678476810455,15862,0.599536120891571,Cammeo
12859,445.010009765625,184.30517578125,89.4738082885742,0.874255776405335,13030,0.710442006587982,Cammeo
14470,486.260009765625,208.33366394043,89.3439636230469,0.903375566005707,14657,0.576539933681488,Cammeo
17079,520.450012207031,216.15998840332,101.762496948242,0.88225382566452,17418,0.794372081756592,Cammeo
13858,475.957000732422,205.873901367187,86.0445861816406,0.908470928668976,14042,0.651221811771393,Cammeo
12324,449.152008056641,190.392486572266,83.2051391601562,0.899452269077301,12595,0.76713353395462,Cammeo
17263,520.302978515625,215.004409790039,103.367218017578,0.876847922801971,17565,0.661874115467072,Cammeo
16079,522.758972167969,223.405914306641,92.6432495117188,0.909964680671692,16392,0.641722559928894,Cammeo
14806,481.911987304688,198.243911743164,95.7866973876953,0.875523269176483,15162,0.701041638851166,Cammeo
14957,505.117004394531,213.045623779297,90.7089691162109,0.90483021736145,15347,0.654115259647369,Cammeo
15460,507.076995849609,213.572326660156,93.5560989379883,0.898948907852173,15819,0.582209825515747,Cammeo
12716,444.108001708984,186.896392822266,87.2781448364258,0.884264290332794,12872,0.747384488582611,Cammeo
16798,529.077026367188,222.796630859375,97.6834259033203,0.898759424686432,17173,0.638173401355743,Cammeo
14015,475.723999023438,195.321640014648,92.4847946166992,0.880793809890747,14492,0.748624563217163,Cammeo
14927,502.018005371094,212.028549194336,90.8161392211914,0.903626978397369,15392,0.594985663890839,Cammeo
15158,513.726013183594,218.820007324219,89.3716888427734,0.912791609764099,15591,0.701759278774262,Cammeo
14676,481.631011962891,202.402069091797,92.9472351074219,0.888322174549103,14936,0.650531888008118,Cammeo
15094,513.924011230469,224.719650268555,86.4365615844727,0.923065900802612,15292,0.794170260429382,Cammeo
18913,541.745971679688,227.135482788086,106.948356628418,0.882209479808807,19099,0.804124176502228,Cammeo
14013,480.830993652344,191.845077514648,94.8756866455078,0.869153022766113,14622,0.62591564655304,Cammeo
16176,522.991027832031,221.927398681641,93.9841842651367,0.905900478363037,16639,0.602345943450928,Cammeo
15904,511.022003173828,214.350555419922,96.2120971679687,0.89360511302948,16248,0.717851519584656,Cammeo
16580,530.094970703125,226.444946289062,94.4740753173828,0.908812165260315,16928,0.596188426017761,Cammeo
15915,528.156982421875,231.594482421875,88.5710220336914,0.923980295658112,16251,0.81302684545517,Cammeo
15007,500.307006835938,210.717758178711,92.1704635620117,0.899261236190796,15431,0.580766260623932,Cammeo
14892,486.334991455078,203.069183349609,94.1249618530273,0.886090755462647,15111,0.792127668857574,Cammeo
12239,473.514007568359,208.047897338867,75.6064376831055,0.931629776954651,12622,0.517199099063873,Cammeo
17335,544.093017578125,239.010498046875,92.9929809570313,0.921206116676331,17526,0.821097016334534,Cammeo
16788,533.487976074219,230.129333496094,93.7628784179688,0.913233935832977,17041,0.572676122188568,Cammeo
14968,514.801025390625,220.223999023437,87.7353439331055,0.917215526103973,15438,0.740916728973389,Cammeo
17425,541.802978515625,232.057556152344,96.4417419433594,0.909550189971924,17758,0.703955054283142,Cammeo
16570,519.122985839844,221.01448059082,96.2277908325195,0.900241315364838,16757,0.592335760593414,Cammeo
13352,514.486999511719,232.480209350586,73.9867630004883,0.948006927967072,13585,0.592816233634949,Cammeo
15486,492.694000244141,204.372131347656,97.6780014038086,0.878391444683075,15688,0.60116457939148,Cammeo
13109,484.993011474609,204.728302001953,82.8482360839844,0.914461016654968,13497,0.525116145610809,Cammeo
14759,493.803985595703,207.784576416016,91.6856536865234,0.89738255739212,15106,0.705868303775787,Cammeo
11396,446.282989501953,192.232406616211,76.5264587402344,0.917344868183136,11692,0.645153999328613,Cammeo
14324,487.252990722656,195.94514465332,94.8413543701172,0.875056982040405,14822,0.757402718067169,Cammeo
14850,500.298004150391,213.077896118164,89.3513031005859,0.907830953598022,15124,0.580214083194733,Cammeo
13909,475.618011474609,199.607269287109,89.9441986083984,0.892723023891449,14241,0.727876901626587,Cammeo
15454,500.897003173828,208.541595458984,95.3232727050781,0.889418005943298,15773,0.583433985710144,Cammeo
14938,502.68701171875,209.644729614258,92.0359649658203,0.89848256111145,15331,0.635200083255768,Cammeo
11966,456.846008300781,194.270263671875,79.3506851196289,0.912778377532959,12337,0.574597835540772,Cammeo
15644,501.114013671875,210.357620239258,95.276985168457,0.891546785831451,15858,0.787912368774414,Cammeo
15552,492.981994628906,198.206268310547,101.644012451172,0.8584965467453,15936,0.627451002597809,Cammeo
15807,513.510986328125,219.296325683594,92.2965698242188,0.907118201255798,16078,0.780978262424469,Cammeo
13824,491.619995117188,206.389022827148,86.8548812866211,0.907139122486115,14268,0.633866727352142,Cammeo
13282,470.257995605469,199.711380004883,85.1011810302734,0.904666244983673,13513,0.671622157096863,Cammeo
14332,497.140991210938,206.546813964844,90.7594451904297,0.898284912109375,14830,0.566571772098541,Cammeo
13779,481.976013183594,200.478576660156,88.8467102050781,0.896436095237732,14192,0.571980059146881,Cammeo
13644,473.178009033203,200.290512084961,87.8436737060547,0.898691534996033,13859,0.676785707473755,Cammeo
13809,489.022003173828,213.825546264648,82.4940338134766,0.922582149505615,14070,0.805753290653229,Cammeo
13726,484.247009277344,209.703063964844,83.8844146728516,0.916508495807648,13969,0.555596053600311,Cammeo
14266,486.477996826172,207.726043701172,88.0999221801758,0.90560793876648,14485,0.603851854801178,Cammeo
13200,477.851013183594,202.596954345703,83.6883697509766,0.910695612430573,13585,0.641399443149567,Cammeo
16146,509.332000732422,213.620025634766,96.6488037109375,0.891798257827759,16404,0.596762299537659,Cammeo
12820,459.170989990234,193.705093383789,84.8340835571289,0.898997008800507,13002,0.596168160438538,Cammeo
12575,456.752990722656,188.67985534668,85.9819717407227,0.890131890773773,12936,0.73927104473114,Cammeo
14057,483.480010986328,201.574813842773,89.9064331054688,0.895022869110107,14388,0.567272007465363,Cammeo
14305,490.182006835938,206.884719848633,88.6757965087891,0.903482913970947,14695,0.654182076454163,Cammeo
12626,455.296997070313,188.65788269043,86.6013793945313,0.888415992259979,12911,0.733899116516113,Cammeo
15655,488.903015136719,199.556686401367,101.026206970215,0.862384855747223,15880,0.633754372596741,Cammeo
11797,451.959991455078,195.593658447266,77.4012069702148,0.918369233608246,11988,0.570151269435883,Cammeo
15199,489.544006347656,205.315734863281,94.8087005615234,0.886999547481537,15419,0.763999223709106,Cammeo
12921,477.121002197266,197.700149536133,84.8275909423828,0.903270304203033,13557,0.723946630954742,Cammeo
13724,468.571990966797,191.871597290039,92.4885101318359,0.876152873039246,14048,0.740716755390167,Cammeo
13520,471.528991699219,195.30615234375,89.440559387207,0.888977646827698,13950,0.570127367973328,Cammeo
14261,496.359008789063,208.851974487305,88.2422103881836,0.906357884407043,14763,0.695658564567566,Cammeo
13567,481.095001220703,206.62841796875,84.0091705322266,0.913619101047516,13818,0.601107656955719,Cammeo
14850,499.207000732422,210.133636474609,91.1433715820312,0.90103805065155,15327,0.5890052318573,Cammeo
15522,507.242004394531,213.681930541992,94.9015350341797,0.895964741706848,15782,0.77890408039093,Cammeo
13241,466.989990234375,193.544219970703,88.058349609375,0.890502691268921,13577,0.577654659748077,Cammeo
16063,520.744995117188,217.913818359375,95.2004699707031,0.899523615837097,16561,0.556757152080536,Cammeo
13494,479.446014404297,203.02734375,85.7512664794922,0.906426727771759,13842,0.772940754890442,Cammeo
15569,504.753997802734,214.506774902344,93.1971588134766,0.900685429573059,15815,0.773038744926453,Cammeo
13621,477.542999267578,200.957717895508,87.2885055541992,0.900738120079041,13956,0.795898079872131,Cammeo
13875,490.838012695312,207.132232666016,87.3252639770508,0.906785666942596,14243,0.575630605220795,Cammeo
14265,480.927001953125,200.188446044922,91.4805374145508,0.889481008052826,14627,0.754562258720398,Cammeo
12612,463.595001220703,197.68293762207,82.3769226074219,0.909038424491882,12919,0.584051132202148,Cammeo
13268,473.433990478516,200.700836181641,84.7003479003906,0.906585156917572,13562,0.716221332550049,Cammeo
14910,511.600006103516,221.612289428711,86.2169876098633,0.921219050884247,15215,0.699638664722443,Cammeo
14146,504.355987548828,214.062881469727,85.7449645996094,0.916270673274994,14716,0.625265181064606,Cammeo
13568,484.648010253906,208.07209777832,83.6961975097656,0.915531575679779,13962,0.787921011447907,Cammeo
14212,484.946014404297,205.003234863281,89.6155014038086,0.899392545223236,14502,0.752196490764618,Cammeo
14458,475.044006347656,196.986114501953,93.9998931884766,0.878799915313721,14669,0.601890027523041,Cammeo
12734,470.614013671875,204.402908325195,80.1652984619141,0.919883131980896,12982,0.71459037065506,Cammeo
14753,489.536010742188,207.466003417969,92.0066299438477,0.896285235881805,14984,0.804679811000824,Cammeo
13901,478.848999023438,200.441909790039,89.3419876098633,0.895169913768768,14232,0.568548083305359,Cammeo
14819,496.622985839844,205.991348266602,92.8265686035156,0.892709136009216,15194,0.726421594619751,Cammeo
12006,467.640991210938,207.447998046875,74.4687881469727,0.933346927165985,12237,0.548745393753052,Cammeo
15344,501.799987792969,212.422698974609,92.9614028930664,0.899157762527466,15604,0.794202923774719,Cammeo
12450,456.221008300781,191.142868041992,84.2134170532227,0.897714138031006,12740,0.572150707244873,Cammeo
12817,460.552001953125,191.187881469727,86.313591003418,0.892291605472565,13132,0.602330923080444,Cammeo
14908,499.468994140625,209.119476318359,92.062873840332,0.897879898548126,15324,0.763338446617126,Cammeo
14980,503.816986083984,214.186508178711,89.8945770263672,0.90766179561615,15361,0.735395193099976,Cammeo
15213,495.4169921875,206.29997253418,94.5325775146484,0.888834297657013,15516,0.701350808143616,Cammeo
12899,472.263000488281,205.520553588867,80.4333648681641,0.920235931873322,13107,0.585918664932251,Cammeo
13263,487.890991210938,214.428039550781,79.6410980224609,0.928468286991119,13491,0.674447000026703,Cammeo
13988,491.489013671875,208.364639282227,86.7849655151367,0.909133315086365,14427,0.613105416297913,Cammeo
13181,470.389007568359,199.472076416016,84.9055328369141,0.904887318611145,13429,0.734358489513397,Cammeo
12220,465.686004638672,200.174163818359,79.0418472290039,0.918738961219788,12588,0.574383080005646,Cammeo
13834,480.273986816406,202.770278930664,87.7243957519531,0.901571810245514,14151,0.728105247020721,Cammeo
16249,512.7919921875,215.726852416992,96.9656829833984,0.893288552761078,16493,0.737183570861816,Cammeo
11993,444.565002441406,187.182907104492,82.6405715942383,0.897263050079346,12276,0.587373912334442,Cammeo
14313,482.975006103516,204.720077514648,89.7869873046875,0.898690104484558,14622,0.573299705982208,Cammeo
14563,496.776000976563,206.127151489258,91.5304412841797,0.896002769470215,15116,0.591054856777191,Cammeo
14176,513.148986816406,220.036987304687,83.4308700561524,0.925328075885773,14675,0.543787658214569,Cammeo
14041,491.661010742188,212.85693359375,84.5673065185547,0.917690336704254,14289,0.786610662937164,Cammeo
13022,467.076995849609,194.754089355469,86.676399230957,0.895502924919128,13355,0.596245408058167,Cammeo
12796,471.209014892578,203.929626464844,80.3300094604492,0.919148862361908,13022,0.684058606624603,Cammeo
13811,482.298004150391,206.714752197266,85.7366180419922,0.909931719303131,14000,0.555931270122528,Cammeo
13053,480.950988769531,205.952423095703,81.6555938720703,0.91804426908493,13478,0.683582067489624,Cammeo
12879,469.132995605469,200.795501708984,82.0430908203125,0.912717878818512,13132,0.769125103950501,Cammeo
14768,499.877014160156,210.558807373047,90.4741821289062,0.902978360652924,15158,0.583116173744202,Cammeo
12040,441.023010253906,182.752807617188,85.1511459350586,0.884818315505981,12372,0.747408270835876,Cammeo
13023,480.447998046875,205.312088012695,82.0338516235352,0.916708409786224,13444,0.632430076599121,Cammeo
14712,496.036010742187,212.739929199219,89.092643737793,0.908084630966187,14925,0.733948588371277,Cammeo
11353,431.47900390625,182.002410888672,80.0629577636719,0.898046493530273,11579,0.716639339923859,Cammeo
15534,521.929992675781,221.585662841797,90.5549468994141,0.912683188915253,16187,0.708344757556915,Cammeo
13337,468.621002197266,196.771194458008,87.3104095458984,0.896167755126953,13598,0.694418430328369,Cammeo
10951,432.611999511719,182.044311523438,78.215576171875,0.902994871139526,11242,0.547112286090851,Cammeo
12590,461.136993408203,195.534881591797,82.9622421264648,0.905529379844666,12915,0.676009476184845,Cammeo
12932,456.654998779297,191.328628540039,86.7258377075195,0.891367137432098,13098,0.66304349899292,Cammeo
11941,452.601989746094,196.030044555664,78.6872406005859,0.915901124477387,12131,0.651339113712311,Cammeo
13665,472.515991210938,199.544219970703,87.6846389770508,0.8982794880867,13944,0.711422324180603,Cammeo
14272,491.454010009766,210.502319335937,87.9379272460938,0.908560752868652,14545,0.803377449512482,Cammeo
14874,487.503997802734,204.913391113281,92.8892059326172,0.891353130340576,15065,0.614475727081299,Cammeo
14418,480.322998046875,199.118438720703,93.3112030029297,0.88339900970459,14780,0.758522748947144,Cammeo
12434,454.893005371094,193.157958984375,82.8585968017578,0.903319656848908,12652,0.703678548336029,Cammeo
13328,489.385986328125,217.285614013672,78.7089080810547,0.932085990905762,13530,0.757444858551025,Cammeo
12104,441.774993896484,182.462127685547,85.5134658813477,0.88337641954422,12378,0.739130437374115,Cammeo
14398,487.723999023438,210.091690063477,87.5971984863281,0.908930599689484,14654,0.78531688451767,Cammeo
12352,453.135009765625,191.111892700195,83.3507385253906,0.899880886077881,12683,0.578466713428497,Cammeo
14609,490.247009277344,206.062271118164,91.4997406005859,0.896007299423218,14837,0.719655156135559,Cammeo
12663,468.223999023438,199.697494506836,81.6162033081055,0.912669122219086,12979,0.623393893241882,Cammeo
13900,475.889007568359,198.168930053711,90.5426025390625,0.889520108699799,14161,0.717234253883362,Cammeo
14439,490.470001220703,204.828063964844,91.0484619140625,0.895773053169251,14815,0.791394889354706,Cammeo
14333,493.898986816406,207.509948730469,89.446159362793,0.902330338954926,14772,0.559795320034027,Cammeo
13848,475.589996337891,196.225555419922,90.7470245361328,0.886638700962067,14260,0.58638209104538,Cammeo
13582,475.855987548828,195.639694213867,89.2489624023438,0.889882147312164,13890,0.721832454204559,Cammeo
14212,485.985992431641,203.418487548828,90.0118865966797,0.896770417690277,14508,0.573203206062317,Cammeo
15236,514.793029785156,223.327850341797,87.7615051269531,0.919550597667694,15686,0.65624326467514,Cammeo
14955,508.717010498047,217.981552124023,88.6121826171875,0.913645327091217,15363,0.569410622119904,Cammeo
14364,497.119995117188,212.008346557617,87.534797668457,0.910783767700195,14805,0.641250014305115,Cammeo
12975,463.851013183594,196.423965454102,85.0641174316406,0.901363253593445,13358,0.609126329421997,Cammeo
12579,452.217010498047,191.243179321289,84.3691711425781,0.897427618503571,12889,0.600286304950714,Cammeo
15982,523.174011230469,220.014999389648,94.2184829711914,0.903666615486145,16337,0.569200098514557,Cammeo
10959,447.233001708984,197.358413696289,71.0609817504883,0.932928919792175,11133,0.497412860393524,Cammeo
13631,473.546997070313,193.494018554688,91.5090637207031,0.881100177764893,14141,0.580289483070374,Cammeo
14482,489.317993164063,205.386306762695,90.8004302978516,0.896967828273773,14781,0.568903207778931,Cammeo
14892,503.647003173828,213.271957397461,90.4786605834961,0.90554940700531,15279,0.593922019004822,Cammeo
14608,504.305999755859,210.269927978516,90.1665191650391,0.903393149375916,15125,0.635130405426025,Cammeo
12326,459.682006835938,194.340972900391,82.0794677734375,0.906433880329132,12686,0.619334757328033,Cammeo
13467,473.300994873047,203.081924438477,84.99755859375,0.908199191093445,13753,0.773965537548065,Cammeo
15158,505.276000976563,209.476028442383,93.9268264770508,0.893838346004486,15586,0.609366834163666,Cammeo
13132,471.803985595703,199.556533813477,84.9883346557617,0.904776811599731,13423,0.753673076629639,Cammeo
14178,488.881011962891,207.395599365234,88.0680923461914,0.905363142490387,14406,0.557749807834625,Cammeo
15232,508.816986083984,216.762908935547,90.6330871582031,0.908391416072845,15603,0.590822696685791,Cammeo
10885,434.273010253906,191.091323852539,73.5486068725586,0.922963619232178,11024,0.799897134304047,Cammeo
14802,497.832000732422,209.617950439453,91.1471328735352,0.900514960289001,15208,0.622979819774628,Cammeo
14889,499.205993652344,210.384155273437,91.711784362793,0.899982810020447,15221,0.604629456996918,Cammeo
15547,501.804992675781,208.499176025391,95.807861328125,0.8881716132164,15867,0.598283708095551,Cammeo
11377,456.454010009766,200.84260559082,72.3511657714844,0.932860374450684,11573,0.752248108386993,Cammeo
12709,461.011993408203,190.778747558594,87.4127960205078,0.888854563236237,13064,0.786934971809387,Cammeo
12384,460.135986328125,190.870376586914,85.0912017822266,0.895129501819611,12811,0.604835152626038,Cammeo
12219,438.281005859375,182.187728881836,86.196418762207,0.88099867105484,12471,0.601772964000702,Cammeo
13125,475.355010986328,198.598449707031,85.407958984375,0.902803421020508,13575,0.583177804946899,Cammeo
13014,459.557006835938,193.659515380859,86.1981887817383,0.89547997713089,13253,0.67507004737854,Cammeo
13523,468.1669921875,195.40153503418,88.6539993286133,0.891153633594513,13811,0.667934417724609,Cammeo
14851,517.346984863281,217.698394775391,88.8102493286133,0.913003861904144,15256,0.728061556816101,Cammeo
14467,498.623992919922,213.595626831055,86.9999923706055,0.913289248943329,14857,0.740757822990418,Cammeo
14560,501.246002197266,212.106094360352,89.3213119506836,0.907006680965424,14988,0.689557194709778,Cammeo
15007,506.579986572266,217.267471313477,88.5501556396484,0.913177132606506,15314,0.737372219562531,Cammeo
14500,504.067993164063,218.905029296875,85.1411666870117,0.921262621879578,14864,0.619896531105042,Cammeo
13637,466.653015136719,193.534210205078,90.3542327880859,0.884328901767731,13838,0.69167172908783,Cammeo
16471,523.989013671875,219.869125366211,96.811164855957,0.89784449338913,16844,0.733021795749664,Cammeo
15452,513.262023925781,220.039077758789,90.5523376464844,0.911396920681,15775,0.781193137168884,Cammeo
14041,481.947998046875,204.598480224609,88.1879043579102,0.902338027954102,14284,0.572307825088501,Cammeo
14865,495.071014404297,202.867858886719,94.2719497680664,0.8854700922966,15235,0.604194581508637,Cammeo
12720,461.805999755859,197.944000244141,82.811279296875,0.90828263759613,12974,0.756782472133637,Cammeo
12972,467.380004882812,194.529083251953,86.5066757202149,0.895680606365204,13425,0.774679005146027,Cammeo
12931,460.535003662109,192.908020019531,86.566650390625,0.893659472465515,13302,0.607060730457306,Cammeo
14017,474.309997558594,198.336730957031,90.8686904907227,0.888873040676117,14320,0.760553419589996,Cammeo
13269,491.893005371094,212.57470703125,81.0641098022461,0.924433171749115,13728,0.650951743125916,Cammeo
13734,487.839996337891,213.247436523437,83.1827697753906,0.920782506465912,13941,0.805229842662811,Cammeo
14549,488.953002929688,206.69482421875,90.7606887817383,0.898435831069946,14856,0.582472562789917,Cammeo
14831,493.760986328125,208.268539428711,91.5423202514648,0.898223102092743,15099,0.790228068828583,Cammeo
13669,481.669006347656,201.906631469727,87.0682525634766,0.902241885662079,14065,0.558374166488647,Cammeo
13735,484.77099609375,204.810638427734,86.7587203979492,0.905847191810608,13960,0.553696691989899,Cammeo
15583,504.183013916016,207.846832275391,96.9117584228516,0.884644985198975,15906,0.685388803482056,Cammeo
11856,456.421997070312,201.003372192383,75.4210815429687,0.926934599876404,12027,0.716461181640625,Cammeo
12735,473.050994873047,200.684448242187,81.7311782836914,0.913311302661896,13140,0.537613987922668,Cammeo
14378,491.480010986328,202.711883544922,91.3858032226563,0.892616808414459,14805,0.640217304229736,Cammeo
14403,510.558990478516,223.412078857422,83.2021102905273,0.92806613445282,14781,0.598777770996094,Cammeo
12274,456.123992919922,194.487380981445,81.2390289306641,0.908581078052521,12562,0.709643840789795,Cammeo
12172,452.329010009766,193.692535400391,80.8077774047852,0.908816456794739,12430,0.67803031206131,Cammeo
14085,489.454986572266,200.526550292969,91.2356262207031,0.890501499176025,14670,0.627170741558075,Cammeo
12410,463.489990234375,195.171493530273,82.3603057861328,0.906600713729858,12849,0.5640909075737,Cammeo
13196,474.988006591797,199.981307983398,85.6581649780273,0.903621971607208,13463,0.556464552879334,Cammeo
13455,467.197998046875,195.928573608398,88.519172668457,0.892122745513916,13723,0.753528237342835,Cammeo
12593,463.368988037109,195.757629394531,83.0796661376953,0.905474483966827,12907,0.697750449180603,Cammeo
14608,498.351989746094,210.691375732422,89.917366027832,0.904358863830566,14951,0.659801244735718,Cammeo
12939,469.480987548828,202.043319702148,83.098991394043,0.911503255367279,13165,0.657703459262848,Cammeo
13193,469.415008544922,201.604568481445,83.729736328125,0.909676909446716,13535,0.735929071903229,Cammeo
11883,448.216003417969,191.746353149414,79.4640045166016,0.91008460521698,12103,0.550317227840424,Cammeo
13501,485.756011962891,205.771011352539,84.9083938598633,0.910896301269531,13896,0.658521115779877,Cammeo
12202,442.361999511719,180.037780761719,87.3991775512695,0.87426495552063,12521,0.779182612895966,Cammeo
13273,463.3330078125,197.452789306641,85.9974670410156,0.900172114372253,13462,0.585823357105255,Cammeo
12899,468.389007568359,201.048278808594,82.3874053955078,0.912180244922638,13132,0.700499594211578,Cammeo
13885,479.287994384766,198.094177246094,90.5905151367188,0.889307141304016,14271,0.787131547927856,Cammeo
13574,473.221008300781,197.872772216797,88.44189453125,0.894552230834961,13879,0.641250967979431,Cammeo
14913,502.868011474609,215.600143432617,88.8237991333008,0.91119110584259,15300,0.692725777626038,Cammeo
16582,532.357971191406,223.358840942383,95.7497177124023,0.903455853462219,17089,0.714310348033905,Cammeo
12467,467.205993652344,199.80615234375,80.19140625,0.915926516056061,12900,0.787058055400848,Cammeo
13167,466.664001464844,197.125061035156,86.2164077758789,0.899282097816467,13448,0.58099102973938,Cammeo
13062,469.424011230469,200.628829956055,83.2746200561524,0.909790337085724,13279,0.663214027881622,Cammeo
14677,498.798004150391,209.874145507812,90.2724761962891,0.902768552303314,15060,0.647848129272461,Cammeo
14106,485.579986572266,199.92106628418,91.5904159545898,0.888883709907532,14515,0.576225519180298,Cammeo
14640,501.324005126953,210.291595458984,90.3317337036133,0.903040885925293,15119,0.586538434028626,Cammeo
15681,507.696990966797,207.024505615234,97.7584838867188,0.881487548351288,16088,0.692501306533814,Cammeo
14734,507.283996582031,217.824447631836,86.6587600708008,0.917455852031708,15039,0.6813725233078,Cammeo
15607,505.903015136719,208.011016845703,96.8890380859375,0.884896337985992,16030,0.724996507167816,Cammeo
15292,510.483001708984,219.659027099609,89.1331329345703,0.91397100687027,15511,0.543194115161896,Cammeo
11577,431.156005859375,178.83625793457,83.4061584472656,0.884582996368408,11810,0.756073653697968,Cammeo
13174,480.576995849609,203.506454467773,83.4204406738281,0.912123501300812,13606,0.549466133117676,Cammeo
14305,491.161010742188,207.871292114258,88.6097106933594,0.904595017433167,14633,0.579525172710419,Cammeo
14547,491.044006347656,206.657073974609,90.1751403808594,0.899776220321655,14780,0.593222439289093,Cammeo
11794,430.380004882813,178.445846557617,84.7859420776367,0.879912674427033,12056,0.752936661243439,Cammeo
12004,449.035003662109,186.648529052734,83.4132690429687,0.894583821296692,12417,0.758115470409393,Cammeo
15285,495.838989257813,206.332885742187,94.7910308837891,0.888225197792053,15517,0.668869256973267,Cammeo
14385,496.977996826172,214.269546508789,86.0332412719727,0.915850818157196,14604,0.776266813278198,Cammeo
14034,491.731994628906,205.505111694336,88.3520584106445,0.9028639793396,14448,0.55591207742691,Cammeo
13399,490.559997558594,209.365951538086,82.7670211791992,0.918542504310608,13654,0.517096340656281,Cammeo
14960,510.72900390625,218.369873046875,88.0595245361328,0.915086090564728,15235,0.578275978565216,Cammeo
13811,485.690002441406,209.272766113281,85.2002944946289,0.913372159004211,14083,0.690619051456451,Cammeo
17564,527.116027832031,221.602935791016,101.658798217773,0.888568997383118,17808,0.771162629127502,Cammeo
14680,495.444000244141,206.753753662109,91.2964630126953,0.897226333618164,15091,0.611590206623077,Cammeo
14180,485.170989990234,204.107177734375,89.3607788085938,0.899066090583801,14471,0.619809448719025,Cammeo
13387,464.643005371094,192.399612426758,90.3141174316406,0.882980823516846,13746,0.753517985343933,Cammeo
15611,506.546997070313,215.200729370117,93.3922882080078,0.900923669338226,15806,0.732188940048218,Cammeo
12426,451.088989257813,185.191024780273,87.4606781005859,0.881452441215515,12779,0.624579012393951,Cammeo
14196,499.230010986328,210.180114746094,87.1034698486328,0.910084366798401,14509,0.618858695030212,Cammeo
12609,475.359985351563,202.754409790039,81.2737197875977,0.916144549846649,13210,0.70694100856781,Cammeo
14750,484.152008056641,201.247009277344,94.8591537475586,0.881942570209503,14967,0.780671119689941,Cammeo
15290,500.18798828125,204.153366088867,96.6903305053711,0.880731403827667,15605,0.788957715034485,Cammeo
15879,517.927001953125,216.650131225586,94.6562042236328,0.899506151676178,16484,0.687759876251221,Cammeo
14330,493.184997558594,209.767318725586,87.8989486694336,0.907972037792206,14701,0.619595289230347,Cammeo
14155,480.522003173828,200.546737670898,91.0596771240234,0.890972554683685,14462,0.722193896770477,Cammeo
13939,484.393005371094,207.026275634766,86.2234725952149,0.909142315387726,14233,0.642468631267548,Cammeo
12488,469.828002929688,200.743759155273,80.0468521118164,0.917059063911438,12932,0.744663059711456,Cammeo
13447,455.648010253906,183.957580566406,94.458137512207,0.858102858066559,13867,0.62590765953064,Osmancik
13233,459.859008789063,192.590713500977,88.3467178344727,0.888576805591583,13436,0.588735163211823,Osmancik
12538,452.660003662109,188.805282592773,86.1097183227539,0.88994038105011,12846,0.684164583683014,Osmancik
11881,439.184997558594,183.889526367188,83.3494720458984,0.891379177570343,12097,0.582830488681793,Osmancik
11750,428.375,178.553619384766,84.7041854858398,0.880314350128174,11869,0.608682155609131,Osmancik
13700,455.625,185.958541870117,94.5654907226563,0.86104428768158,13893,0.614515125751495,Osmancik
12121,439.842010498047,183.467025756836,84.764404296875,0.886872410774231,12389,0.648736894130707,Osmancik
12148,434.307006835938,177.477691650391,88.5175018310547,0.866744220256805,12437,0.75505006313324,Osmancik
12675,456.572998046875,186.806823730469,88.4237823486328,0.88087797164917,13098,0.613860905170441,Osmancik
12432,453.040008544922,190.543655395508,84.2504577636719,0.896937012672424,12728,0.765753030776978,Osmancik
10982,421.410003662109,177.800262451172,78.9373931884766,0.896043300628662,11167,0.594071209430695,Osmancik
11672,430.641998291016,177.948150634766,84.6797866821289,0.879516839981079,11849,0.597461104393005,Osmancik
12546,442.066009521484,184.264831542969,87.304931640625,0.880631744861603,12744,0.678896129131317,Osmancik
12357,452.983001708984,189.578109741211,84.285026550293,0.895732879638672,12666,0.646624803543091,Osmancik
11455,405.618988037109,159.570266723633,92.329963684082,0.815599858760834,11639,0.776189208030701,Osmancik
13054,478.453002929688,203.219635009766,83.0808486938477,0.912613749504089,13329,0.799877464771271,Osmancik
12233,425.180999755859,170.946105957031,92.0129089355469,0.842780828475952,12388,0.642759561538696,Osmancik
13518,451.162994384766,185.557586669922,93.2959060668945,0.86441045999527,13741,0.781839191913605,Osmancik
11605,429.225006103516,175.014495849609,85.50439453125,0.872532486915588,11933,0.609762489795685,Osmancik
13010,463.419006347656,194.767562866211,86.1157684326172,0.896942913532257,13349,0.77694833278656,Osmancik
12293,442.052001953125,180.372177124023,88.5213088989258,0.871289014816284,12607,0.602066814899445,Osmancik
11903,433.713012695312,180.906036376953,84.3602523803711,0.884615659713745,12104,0.686447501182556,Osmancik
11136,427.109985351563,175.653076171875,81.9187774658203,0.884591400623322,11474,0.574375927448273,Osmancik
10681,421.256011962891,178.369445800781,77.960807800293,0.899425089359283,10929,0.557172656059265,Osmancik
13333,467.024993896484,196.796997070313,87.2731094360352,0.896290361881256,13589,0.694427073001862,Osmancik
11438,433.917999267578,178.3515625,83.5476531982422,0.883493363857269,11767,0.74301677942276,Osmancik
11480,419.106994628906,170.622406005859,86.6278686523438,0.861523985862732,11674,0.785440623760223,Osmancik
12725,441.679992675781,170.232757568359,97.7390289306641,0.818750619888306,13081,0.641219437122345,Osmancik
11715,439.703002929688,183.222732543945,82.4832229614258,0.892937779426575,11948,0.604489147663116,Osmancik
12659,453.768005371094,188.040298461914,86.7074966430664,0.88734233379364,12887,0.664340078830719,Osmancik
11201,423.281005859375,175.040161132813,83.4368362426758,0.879080951213837,11386,0.592645525932312,Osmancik
11382,418.335998535156,169.882965087891,86.6600875854492,0.860105395317078,11575,0.620002150535584,Osmancik
12388,440.449005126953,175.242462158203,92.2320785522461,0.850291967391968,12753,0.613479912281036,Osmancik
13078,452.990997314453,183.978973388672,91.6900100708008,0.86696320772171,13385,0.732743144035339,Osmancik
10774,401.742004394531,164.320236206055,83.7188720703125,0.860478937625885,10944,0.66179358959198,Osmancik
12408,454.390991210938,191.896530151367,83.0334777832031,0.901538372039795,12664,0.583905875682831,Osmancik
12345,440.196014404297,180.389373779297,88.1568603515625,0.872450113296509,12591,0.733685970306397,Osmancik
10286,401.789001464844,159.074661254883,83.5986251831055,0.850774586200714,10524,0.770140767097473,Osmancik
12340,466.743011474609,196.693542480469,80.8404159545898,0.911636769771576,12774,0.744494736194611,Osmancik
14723,490.709014892578,205.417129516602,92.4997329711914,0.892876327037811,15013,0.570194780826569,Osmancik
11042,411.622985839844,168.359741210938,84.1900329589844,0.865990519523621,11217,0.791881799697876,Osmancik
13335,474.377014160156,197.839904785156,87.5825424194336,0.89667272567749,13702,0.667016804218292,Osmancik
12274,441.852996826172,179.853912353516,87.760139465332,0.872870266437531,12587,0.615979135036469,Osmancik
11358,430.7919921875,177.456481933594,82.1193695068359,0.886484742164612,11546,0.750396430492401,Osmancik
12289,444.554992675781,186.35285949707,84.8592987060547,0.890302836894989,12448,0.767678678035736,Osmancik
12900,461.835998535156,195.345138549805,84.5719757080078,0.901424586772919,13160,0.591797411441803,Osmancik
12288,437.821990966797,179.187957763672,88.1044845581055,0.870771706104279,12498,0.802717506885529,Osmancik
12466,439.183013916016,177.419311523438,90.0172119140625,0.861728370189667,12707,0.609882593154907,Osmancik
11380,423.614990234375,172.173889160156,85.6572952270508,0.867461383342743,11620,0.673173606395721,Osmancik
12016,443.222991943359,189.281066894531,81.1222152709961,0.903503477573395,12186,0.746567249298096,Osmancik
9431,383.959014892578,159.655944824219,75.7957229614258,0.880123853683472,9556,0.775575637817383,Osmancik
11413,421.953002929688,171.325286865234,85.9993133544922,0.864887893199921,11688,0.699325978755951,Osmancik
11108,416.834014892578,166.33659362793,86.4592437744141,0.854297161102295,11420,0.680012226104736,Osmancik
12994,453.941009521484,192.165985107422,86.5555267333984,0.892816483974457,13152,0.814160406589508,Osmancik
10862,412.425994873047,167.386947631836,83.5316009521484,0.866582989692688,11050,0.672153472900391,Osmancik
11883,429.131011962891,171.334289550781,89.8245086669922,0.851555407047272,12179,0.763639867305756,Osmancik
12673,441.713989257813,177.029922485352,92.5874862670898,0.852329790592194,12950,0.621774137020111,Osmancik
12921,449.486999511719,181.034683227539,92.0200653076172,0.861179649829865,13209,0.623871386051178,Osmancik
10685,416.717010498047,173.275146484375,79.7060699462891,0.887920379638672,10871,0.706679880619049,Osmancik
10267,424.949005126953,182.409118652344,72.5378646850586,0.917530357837677,10455,0.547427356243134,Osmancik
12042,441.809997558594,182.176742553711,85.0435943603516,0.884352803230286,12302,0.640804588794708,Osmancik
11465,410.515014648438,160.706329345703,92.1443252563477,0.819295942783356,11706,0.75756573677063,Osmancik
11592,428.427001953125,177.621505737305,83.7383499145508,0.881896734237671,11764,0.752727270126343,Osmancik
12110,448.839996337891,191.804275512695,80.6545944213867,0.907290399074554,12313,0.617857158184052,Osmancik
11077,417.321990966797,175.957580566406,80.5766296386719,0.888987183570862,11246,0.671333312988281,Osmancik
11539,434.341003417969,178.928329467773,83.0377807617188,0.885791182518005,11788,0.708609700202942,Osmancik
12526,439.221984863281,178.216033935547,90.4044494628906,0.86178457736969,12819,0.668945252895355,Osmancik
9967,400.218994140625,167.238876342773,76.9632339477539,0.887815594673157,10128,0.664643883705139,Osmancik
11395,421.963012695313,169.746780395508,86.9718322753906,0.858769476413727,11586,0.623700082302094,Osmancik
11022,417.259002685547,168.611251831055,84.6778793334961,0.864746987819672,11259,0.607272744178772,Osmancik
12495,451.316986083984,182.641616821289,88.6812133789062,0.874210178852081,12902,0.590612590312958,Osmancik
11545,431.115997314453,174.736831665039,85.6614379882813,0.871592462062836,11911,0.652997732162476,Osmancik
13021,455.976989746094,185.104370117188,91.0628204345703,0.870621204376221,13380,0.700656473636627,Osmancik
11267,421.868988037109,170.356216430664,86.010986328125,0.86318427324295,11576,0.740762650966644,Osmancik
11329,414.617004394531,168.913497924805,86.1217575073242,0.860259056091309,11540,0.784122347831726,Osmancik
12743,435.817993164063,176.110992431641,92.4771118164063,0.851036190986633,12897,0.632093250751495,Osmancik
11739,434.628997802734,179.147827148438,84.4587097167969,0.881894409656525,12032,0.775875747203827,Osmancik
11489,432.207000732422,182.362380981445,81.0701751708984,0.895751357078552,11683,0.799068033695221,Osmancik
12059,431.64599609375,171.671997070313,90.9151306152344,0.84825611114502,12359,0.699559092521668,Osmancik
11316,418.549011230469,170.685699462891,85.6908798217773,0.864844977855682,11497,0.608387112617493,Osmancik
9776,403.675994873047,170.88005065918,73.1112747192383,0.903849065303803,9969,0.641933143138886,Osmancik
11319,414.014007568359,164.780807495117,88.5093307495117,0.843497097492218,11563,0.746685147285461,Osmancik
10561,405.739013671875,168.938522338867,80.0907974243164,0.880480408668518,10709,0.602246820926666,Osmancik
10640,411.880004882813,169.390472412109,81.0284805297852,0.878167510032654,10901,0.660869538784027,Osmancik
10030,414.384002685547,181.600570678711,70.7599487304688,0.920964658260345,10152,0.771894693374634,Osmancik
9746,382.736999511719,154.096084594727,81.2033386230469,0.84988659620285,9935,0.667534232139587,Osmancik
11990,416.752990722656,166.582015991211,91.9835357666016,0.833723783493042,12145,0.661699771881104,Osmancik
11941,434.803985595703,174.229888916016,89.4745254516602,0.858063936233521,12249,0.754136681556702,Osmancik
13002,458.316009521484,187.3974609375,89.5873794555664,0.878326773643494,13319,0.676342070102692,Osmancik
10387,400.580993652344,164.760864257813,81.0157012939453,0.870755136013031,10536,0.806631982326508,Osmancik
11462,432.108001708984,180.280059814453,81.8902130126953,0.890879929065704,11725,0.699926733970642,Osmancik
11955,454.085998535156,196.835525512695,78.1247940063477,0.917860150337219,12127,0.558123230934143,Osmancik
12571,453.337005615234,188.702545166016,86.5485534667969,0.888616621494293,12847,0.791824162006378,Osmancik
9760,399.575012207031,167.365219116211,75.544921875,0.892333030700684,10012,0.613836467266083,Osmancik
12912,459.739013671875,188.730361938477,88.9623260498047,0.88193416595459,13205,0.690481305122376,Osmancik
12358,447.174011230469,183.464614868164,87.7420806884766,0.878223359584808,12586,0.584578990936279,Osmancik
12556,437.914001464844,180.211212158203,89.384880065918,0.868322134017944,12735,0.718594431877136,Osmancik
10335,416.850006103516,178.799194335938,74.708610534668,0.90852278470993,10504,0.711531817913055,Osmancik
12387,444.225006103516,178.097579956055,90.5817718505859,0.860998511314392,12753,0.643280029296875,Osmancik
11674,425.071990966797,175.757232666016,85.5061569213867,0.873679757118225,11865,0.644047200679779,Osmancik
12243,449.680999755859,182.02619934082,87.131706237793,0.877991199493408,12744,0.778569161891937,Osmancik
11928,427.075012207031,175.039398193359,87.8171310424805,0.865042150020599,12121,0.627789497375488,Osmancik
12994,457.190002441406,187.33479309082,89.4096298217773,0.878755688667297,13335,0.763589322566986,Osmancik
11310,424.217987060547,173.269378662109,84.4845962524414,0.873072147369385,11629,0.711186587810516,Osmancik
10151,420.899993896484,181.995574951172,72.0995101928711,0.918181121349335,10407,0.521634101867676,Osmancik
11818,433.828002929688,175.963912963867,86.7737808227539,0.869953393936157,12118,0.714942514896393,Osmancik
11622,425.893005371094,173.195404052734,86.7164916992187,0.865629076957703,11941,0.603520810604095,Osmancik
10650,407.161010742188,165.619995117188,83.1474914550781,0.86484569311142,10851,0.615500211715698,Osmancik
10736,416.799987792969,176.13525390625,78.6436233520508,0.894785821437836,10930,0.79809695482254,Osmancik
11893,435.282989501953,176.65934753418,87.1089401245117,0.869978368282318,12243,0.7723228931427,Osmancik
11866,436.128997802734,176.120864868164,87.7880554199219,0.866916477680206,12210,0.616223514080048,Osmancik
11168,440.863006591797,182.783279418945,79.5269317626953,0.900387644767761,11628,0.547102332115173,Osmancik
12405,437.085998535156,178.093658447266,89.9607696533203,0.863042235374451,12615,0.810148894786835,Osmancik
11327,415.815002441406,171.681015014648,84.5009002685547,0.870483756065369,11497,0.802763998508453,Osmancik
11533,424.566009521484,174.214889526367,85.4239883422852,0.87153297662735,11773,0.736462295055389,Osmancik
11658,424.533996582031,170.769943237305,88.2464218139648,0.856132626533508,11963,0.682992577552795,Osmancik
13259,464.407989501953,198.211517333984,85.8157424926758,0.901417791843414,13445,0.582045674324036,Osmancik
12031,446.989990234375,178.589645385742,88.8414916992187,0.867486000061035,12425,0.580450594425201,Osmancik
10924,414.31201171875,170.807235717773,82.6439819335937,0.875154495239258,11171,0.672825813293457,Osmancik
13388,466.462005615234,191.9375,90.3668060302734,0.882232666015625,13644,0.753998637199402,Osmancik
12723,460.880004882813,185.754745483398,89.1693496704102,0.877247631549835,13302,0.674996018409729,Osmancik
12190,440.682006835938,185.856185913086,83.8879013061523,0.892342329025269,12349,0.583980083465576,Osmancik
9778,395.200012207031,168.146759033203,74.4989776611328,0.896492302417755,9956,0.620588958263397,Osmancik
12994,460.945007324219,195.221099853516,86.2117233276367,0.897206783294678,13196,0.815386533737183,Osmancik
12482,448.539001464844,185.090042114258,87.2516098022461,0.881919026374817,12744,0.592687547206879,Osmancik
12590,463.776000976563,197.37873840332,82.6856842041016,0.908023655414581,12880,0.606542348861694,Osmancik
10369,402.983001708984,159.287033081055,84.890510559082,0.846152722835541,10723,0.637543022632599,Osmancik
10037,395.339996337891,164.243148803711,78.4997634887695,0.878387868404388,10210,0.764898657798767,Osmancik
10964,417.986999511719,171.390228271484,82.6012115478516,0.876199722290039,11247,0.596680283546448,Osmancik
12024,436.526000976563,182.35009765625,84.8827514648437,0.885051369667053,12235,0.626641631126404,Osmancik
9753,402.579010009766,170.614181518555,73.3134841918945,0.902970135211945,10028,0.564213812351227,Osmancik
11350,445.911010742188,187.854919433594,78.408821105957,0.9087273478508,11771,0.670566022396088,Osmancik
13693,474.752014160156,198.115753173828,89.0310974121094,0.893336057662964,14050,0.597634434700012,Osmancik
12140,441.498992919922,182.433990478516,85.4981918334961,0.883382499217987,12358,0.589606583118439,Osmancik
10249,404.088989257813,165.68244934082,80.3842620849609,0.874419450759888,10486,0.671449184417725,Osmancik
8813,387.721008300781,164.177703857422,68.986083984375,0.907435417175293,9005,0.737366139888763,Osmancik
11889,426.647003173828,172.267990112305,89.4428100585938,0.854648292064667,12162,0.611574053764343,Osmancik
10886,409.738006591797,166.079254150391,84.1343383789063,0.862186193466187,11055,0.680374979972839,Osmancik
9772,392.236999511719,164.403350830078,76.1834335327148,0.886152684688568,9971,0.783389449119568,Osmancik
11343,416.468994140625,171.678604125977,84.901725769043,0.869155585765839,11492,0.734745442867279,Osmancik
10792,416.628997802734,171.381805419922,81.6525802612305,0.87920880317688,11037,0.593684673309326,Osmancik
10788,414.907012939453,169.601593017578,82.2501525878906,0.874535799026489,11083,0.648317337036133,Osmancik
11626,420.789001464844,168.469711303711,89.0751953125,0.84878933429718,11857,0.636343717575073,Osmancik
9903,398.667999267578,163.005844116211,79.1322326660156,0.87426084280014,10152,0.594417750835419,Osmancik
10445,405.596008300781,167.458831787109,80.5041427612305,0.876863241195679,10680,0.633875489234924,Osmancik
9961,397.929992675781,166.00798034668,77.4435882568359,0.884518444538116,10130,0.627978801727295,Osmancik
10694,405.677001953125,163.367477416992,84.6836700439453,0.855160653591156,10891,0.750140309333801,Osmancik
11719,430.511993408203,175.517456054688,86.510009765625,0.870094180107117,12000,0.699307799339294,Osmancik
12415,445.994995117188,184.3671875,87.0411529541016,0.881540894508362,12719,0.657992362976074,Osmancik
10587,399.635009765625,166.365432739258,81.328971862793,0.872363686561585,10723,0.637348771095276,Osmancik
11725,427.140014648438,174.794021606445,86.7621994018555,0.868112087249756,11954,0.634263753890991,Osmancik
11659,429.714996337891,173.348281860352,87.5477828979492,0.863096058368683,11912,0.608761489391327,Osmancik
10733,402.419006347656,166.234313964844,82.7054824829102,0.867450475692749,10876,0.706118404865265,Osmancik
12215,445.295013427734,180.909469604492,87.4058532714844,0.875539302825928,12448,0.588107824325562,Osmancik
10727,420.364990234375,174.384521484375,79.6027526855469,0.889734506607056,11009,0.67060512304306,Osmancik
11304,419.180999755859,171.379119873047,84.6748123168945,0.869417011737824,11504,0.720918357372284,Osmancik
11321,424.575988769531,173.997634887695,84.7398910522461,0.873392224311829,11631,0.621896266937256,Osmancik
10488,416.609008789063,175.397888183594,77.3137054443359,0.897610068321228,10720,0.717569768428803,Osmancik
13002,465.179992675781,191.296646118164,87.9218978881836,0.888120710849762,13345,0.735740125179291,Osmancik
11772,434.085998535156,183.588317871094,82.0857696533203,0.894474625587463,11937,0.650998175144196,Osmancik
10951,415.139007568359,173.757934570313,81.3004913330078,0.883783996105194,11116,0.652272343635559,Osmancik
11639,432.386993408203,178.694854736328,83.9545135498047,0.882761955261231,11940,0.59358423948288,Osmancik
11580,428.709014892578,173.488082885742,86.6391830444336,0.86637407541275,11921,0.74777215719223,Osmancik
10380,399.177001953125,164.590576171875,80.9595794677734,0.870660364627838,10630,0.706410765647888,Osmancik
11329,419.404998779297,173.39045715332,84.3458251953125,0.873708307743073,11560,0.803247332572937,Osmancik
11528,433.347991943359,182.113952636719,81.4972839355469,0.89428037405014,11777,0.785393118858337,Osmancik
9428,398.920013427734,164.84538269043,74.657585144043,0.891564071178436,9760,0.67671549320221,Osmancik
11480,422.549011230469,171.271057128906,86.8359603881836,0.861940801143646,11781,0.648221373558044,Osmancik
10737,414.471984863281,170.457580566406,81.1702880859375,0.879342138767242,10986,0.611794888973236,Osmancik
11144,410.343994140625,164.09407043457,87.6636810302734,0.845340251922607,11378,0.633830070495606,Osmancik
11696,443.528015136719,186.58772277832,80.9519729614258,0.900982797145844,11952,0.739130437374115,Osmancik
11226,413.549987792969,168.533477783203,85.6277008056641,0.861312627792358,11424,0.772395789623261,Osmancik
12478,439.221984863281,176.343948364258,91.2897491455078,0.855574309825897,12754,0.635821640491486,Osmancik
12756,442.975006103516,177.986343383789,92.229248046875,0.855270624160767,13028,0.703740477561951,Osmancik
11769,426.309997558594,176.114593505859,85.9021377563477,0.872976243495941,11928,0.791193306446075,Osmancik
11962,440.545013427734,181.723403930664,85.1971817016602,0.883288979530335,12283,0.622858643531799,Osmancik
12734,462.233001708984,188.156372070313,87.7428436279297,0.884611189365387,13069,0.585202217102051,Osmancik
10765,413.677001953125,164.795028686523,84.7912063598633,0.857475221157074,11127,0.608707964420319,Osmancik
10926,416.222991943359,173.419982910156,80.8693466186523,0.884615659713745,11113,0.632364869117737,Osmancik
11080,429.417999267578,175.215881347656,82.1778030395508,0.88319343328476,11277,0.569548666477203,Osmancik
10536,412.506988525391,162.720291137695,84.6243515014649,0.854129552841187,10974,0.685937523841858,Osmancik
10066,413.282989501953,177.306900024414,73.4882049560547,0.910063445568085,10262,0.546411871910095,Osmancik
11398,431.739990234375,179.467346191406,81.842643737793,0.889963984489441,11627,0.594017088413239,Osmancik
11363,416.049987792969,168.4384765625,86.9082336425781,0.856610119342804,11594,0.63026237487793,Osmancik
11074,426.524993896484,182.831893920898,77.6991424560547,0.905204653739929,11291,0.744821071624756,Osmancik
10612,413.855987548828,169.879165649414,80.8967742919922,0.879335999488831,10924,0.671985805034637,Osmancik
10846,418.851989746094,172.206771850586,81.6929016113281,0.880315601825714,11069,0.682739496231079,Osmancik
12275,454.692993164062,181.871292114258,87.0089950561524,0.87813675403595,12709,0.692681014537811,Osmancik
13111,467.621002197266,193.567718505859,88.06787109375,0.890505790710449,13456,0.619173526763916,Osmancik
11327,423.167999267578,169.295455932617,86.5684585571289,0.859375238418579,11657,0.719997465610504,Osmancik
10831,425.601013183594,182.235458374023,76.1951599121094,0.908394694328308,11017,0.588641285896301,Osmancik
10878,423.792999267578,179.846939086914,77.7978973388672,0.901596367359161,11015,0.580160021781921,Osmancik
11166,414.890014648438,165.738784790039,87.0305557250977,0.851036369800568,11478,0.670953035354614,Osmancik
11280,420.101013183594,170.670364379883,85.4973678588867,0.865476071834564,11582,0.643174827098846,Osmancik
8810,384.747009277344,164.353942871094,68.9015808105469,0.907881498336792,8987,0.587568342685699,Osmancik
12742,446.811004638672,180.020141601563,91.0481185913086,0.862670540809631,12954,0.79108464717865,Osmancik
10724,421.697998046875,168.368530273438,83.7353286743164,0.867559373378754,10988,0.594456791877747,Osmancik
11277,417.976989746094,166.912979125977,87.6671447753906,0.850962400436401,11597,0.64260071516037,Osmancik
11000,413.260986328125,167.333312988281,84.7378005981445,0.86229795217514,11158,0.793650805950165,Osmancik
11678,423.675994873047,173.413940429688,86.4670715332031,0.86682265996933,11839,0.621104121208191,Osmancik
11679,439.186004638672,181.426773071289,83.5256576538086,0.887720823287964,11949,0.567492723464966,Osmancik
10756,420.085998535156,170.637084960938,81.5821151733399,0.87830376625061,10957,0.59497731924057,Osmancik
10271,415.539001464844,177.822235107422,74.3962783813477,0.908274650573731,10422,0.56608247756958,Osmancik
11740,440.563995361328,181.203689575195,83.4551849365234,0.887628555297852,12030,0.579009652137756,Osmancik
10150,405.355987548828,169.095825195313,76.9323348999023,0.890510380268097,10358,0.63604462146759,Osmancik
10691,407.087005615234,163.291748046875,84.5892028808594,0.855365514755249,10921,0.612103521823883,Osmancik
11756,438.774993896484,184.135345458984,82.2666397094727,0.894647538661957,11969,0.656759798526764,Osmancik
12504,445.587005615234,182.378524780273,88.6329574584961,0.873967945575714,12781,0.798875570297241,Osmancik
11440,425.816009521484,170.720977783203,87.2554397583008,0.859521448612213,11750,0.66507762670517,Osmancik
10943,411.385986328125,171.017929077148,82.0599594116211,0.877360105514526,11155,0.624778747558594,Osmancik
12840,454.404998779297,184.815185546875,89.9216232299805,0.87365335226059,13185,0.72665536403656,Osmancik
11546,429.523986816406,175.65869140625,84.9068222045898,0.875420331954956,11757,0.606312036514282,Osmancik
10774,428.799987792969,179.699661254883,77.9217529296875,0.901094794273376,11033,0.716546952724457,Osmancik
11392,427.571990966797,173.079452514648,85.3546371459961,0.869942665100098,11638,0.598476469516754,Osmancik
10360,427.332000732422,187.574188232422,70.7257919311523,0.926190853118897,10525,0.543233156204224,Osmancik
12075,430.471008300781,176.182815551758,88.5140609741211,0.864635944366455,12248,0.80232560634613,Osmancik
10796,410.109985351563,165.733352661133,84.2487716674805,0.86115688085556,11060,0.680020153522491,Osmancik
10549,414.445007324219,170.021011352539,80.4247817993164,0.881047129631043,10868,0.61711710691452,Osmancik
10950,412.334014892578,166.306060791016,85.2981719970703,0.858449101448059,11172,0.776045382022858,Osmancik
11923,437.938995361328,184.999664306641,83.1160736083984,0.893392562866211,12093,0.762340128421783,Osmancik
12181,430.949005126953,177.657623291016,87.4951477050781,0.870316386222839,12353,0.756583869457245,Osmancik
10898,414.811004638672,170.235336303711,82.5531387329102,0.874549984931946,11094,0.602732121944428,Osmancik
11642,427.955993652344,171.078948974609,87.5686721801758,0.859068214893341,11946,0.736369371414185,Osmancik
12170,441.476989746094,181.888000488281,86.5787353515625,0.879445135593414,12373,0.772551238536835,Osmancik
11774,433.72900390625,180.27848815918,84.2235107421875,0.8841592669487,12036,0.797696471214294,Osmancik
10842,412.748992919922,167.045104980469,84.0016250610352,0.864363253116608,11105,0.670500934123993,Osmancik
11914,430.644012451172,172.009872436523,90.0543670654297,0.851999938488007,12215,0.716329991817474,Osmancik
11766,423.980987548828,171.208618164063,88.1124649047852,0.85740053653717,11954,0.63917863368988,Osmancik
11293,424.623992919922,178.363418579102,81.4140472412109,0.889748871326447,11473,0.746102035045624,Osmancik
10222,423.497009277344,182.800247192383,72.1242980957031,0.918873369693756,10421,0.820385217666626,Osmancik
13218,454.997985839844,182.578399658203,93.2371444702148,0.859777331352234,13459,0.73331481218338,Osmancik
10693,408.704010009766,167.52409362793,82.5757141113281,0.870075523853302,10911,0.740922927856445,Osmancik
9963,410.084014892578,171.16845703125,75.2314834594727,0.898234188556671,10251,0.719298243522644,Osmancik
9028,390.441986083984,165.495681762695,69.9397430419922,0.906312704086304,9260,0.772284030914307,Osmancik
10728,415.927001953125,169.274337768555,81.9968872070313,0.874845325946808,10996,0.593100368976593,Osmancik
12558,439.776000976562,173.442764282227,93.3981399536133,0.842628419399262,12804,0.638888895511627,Osmancik
12362,448.111999511719,181.0390625,88.5260772705078,0.872290074825287,12720,0.632780492305756,Osmancik
11242,418.64599609375,172.529907226563,83.8486251831055,0.873961746692658,11409,0.648888885974884,Osmancik
11969,431.128997802734,177.243316650391,86.8384323120117,0.871756672859192,12135,0.602790117263794,Osmancik
10085,412.135009765625,172.962112426758,75.2606582641602,0.900368571281433,10351,0.698310494422913,Osmancik
13050,460.819000244141,187.396301269531,89.7934799194336,0.877725601196289,13379,0.595999240875244,Osmancik
11618,434.177001953125,179.415451049805,83.3463821411133,0.885550022125244,11820,0.616764903068543,Osmancik
11572,418.628997802734,164.123260498047,90.9829711914063,0.832278609275818,11861,0.661635220050812,Osmancik
10666,416.424011230469,173.893508911133,78.4574356079102,0.892432510852814,10825,0.594736278057098,Osmancik
10182,404.848999023438,168.118957519531,77.8888092041016,0.886203706264496,10369,0.792743682861328,Osmancik
9764,390.957000732422,160.227096557617,78.8616333007812,0.870489716529846,9956,0.648813903331757,Osmancik
11856,431.863006591797,174.352432250977,88.6826629638672,0.860979199409485,12188,0.615065395832062,Osmancik
12060,438.774993896484,177.401031494141,87.3778457641602,0.870287477970123,12420,0.648666083812714,Osmancik
11765,429.334991455078,174.331359863281,86.8926696777344,0.866927683353424,11963,0.614681303501129,Osmancik
15420,503.459991455078,206.056549072266,96.4172821044922,0.883772611618042,15800,0.584622383117676,Osmancik
11101,418.032989501953,169.873184204102,84.6467132568359,0.86700838804245,11340,0.659595966339111,Osmancik
10360,408.281005859375,165.732925415039,81.2866363525391,0.871459424495697,10649,0.785264909267426,Osmancik
10392,416.489013671875,177.366348266602,75.5669479370117,0.904699563980103,10559,0.562459409236908,Osmancik
9359,395.988006591797,168.2939453125,71.1074142456055,0.906354010105133,9555,0.575159788131714,Osmancik
10367,413.959991455078,176.566513061523,75.2886199951172,0.904532968997955,10529,0.56037837266922,Osmancik
11652,428.808013916016,169.589889526367,89.5738067626953,0.849133133888245,12067,0.737001895904541,Osmancik
11211,410.575988769531,162.871398925781,88.5901260375977,0.83913266658783,11408,0.643422842025757,Osmancik
11525,433.781005859375,184.42333984375,80.1666259765625,0.900581061840057,11697,0.612706005573273,Osmancik
10908,414.997009277344,174.449157714844,80.5641860961914,0.886973440647125,11062,0.754983365535736,Osmancik
12444,445.872009277344,183.350570678711,87.9073104858398,0.877569556236267,12630,0.604547202587128,Osmancik
10442,407.282012939453,166.141525268555,81.0392761230469,0.872970759868622,10668,0.656234264373779,Osmancik
13672,467.954986572266,183.55632019043,97.4687271118164,0.847370684146881,14027,0.615855872631073,Osmancik
11297,418.953002929688,172.967422485352,84.433464050293,0.87276166677475,11482,0.622939050197601,Osmancik
12075,434.660003662109,179.197143554688,86.4906921386719,0.875809669494629,12229,0.603086590766907,Osmancik
11274,425.054992675781,173.380325317383,83.8337936401367,0.875330328941345,11526,0.652770519256592,Osmancik
11458,418.859985351563,169.072662353516,87.5214462280274,0.855588972568512,11668,0.757804214954376,Osmancik
11675,429.130004882813,173.418197631836,86.8340606689453,0.865608990192413,11888,0.737337350845337,Osmancik
11048,424.274993896484,169.519119262695,84.7781448364258,0.865962088108063,11419,0.691623866558075,Osmancik
12624,451.756988525391,188.236358642578,86.3559875488281,0.888558387756348,12878,0.809023320674896,Osmancik
11540,427.523010253906,172.794998168945,86.4403533935547,0.865882217884064,11765,0.607112765312195,Osmancik
12531,459.305999755859,192.81819152832,84.0254287719727,0.900055408477783,12846,0.561726748943329,Osmancik
11480,432.824005126953,174.962463378906,85.0884628295898,0.873778522014618,11833,0.59083890914917,Osmancik
11846,437.346984863281,182.628814697266,82.9129638671875,0.891003131866455,12019,0.579323172569275,Osmancik
11952,443.490997314453,181.768264770508,85.3275146484375,0.882969558238983,12224,0.590134799480438,Osmancik
10919,413.080993652344,167.126007080078,84.2185821533203,0.863748788833618,11120,0.639885127544403,Osmancik
12023,442.334991455078,181.176742553711,85.4149627685547,0.881895184516907,12282,0.601300299167633,Osmancik
11953,443.518005371094,183.425735473633,84.5471725463867,0.887434363365173,12283,0.570712387561798,Osmancik
12544,442.171997070313,178.022705078125,90.7576293945312,0.860287427902222,12835,0.770752668380737,Osmancik
12045,438.394012451172,182.435577392578,85.0350570678711,0.884726762771606,12276,0.731285274028778,Osmancik
12076,452.542999267578,188.359161376953,82.7943725585937,0.898215293884277,12367,0.705868601799011,Osmancik
11773,433.980987548828,174.717163085938,87.2726974487305,0.8663090467453,12005,0.609463155269623,Osmancik
11939,437.733001708984,178.898880004883,86.4424209594727,0.875514686107636,12204,0.638995945453644,Osmancik
10191,419.579010009766,174.734237670898,75.53466796875,0.901737928390503,10470,0.627331495285034,Osmancik
12406,449.713989257813,188.507385253906,84.5176544189453,0.89385712146759,12602,0.798326909542084,Osmancik
12249,456.248992919922,188.550918579102,84.3818511962891,0.894269824028015,12578,0.653419375419617,Osmancik
11394,416.162994384766,167.268981933594,88.1079711914063,0.850023865699768,11543,0.784224629402161,Osmancik
11732,433.864013671875,173.958084106445,86.9746551513672,0.866039931774139,12054,0.629601776599884,Osmancik
10260,417,172.993560791016,76.9076919555664,0.895744264125824,10527,0.588235318660736,Osmancik
11808,431.457000732422,176.304580688477,85.558952331543,0.874352931976318,12006,0.618349373340607,Osmancik
12235,443.455993652344,187.662536621094,83.7517242431641,0.894888877868652,12442,0.658326625823975,Osmancik
12084,433.505004882813,171.522613525391,91.3299560546875,0.84645140171051,12356,0.701742172241211,Osmancik
10873,416.040985107422,170.912979125977,82.1000595092773,0.877070486545563,11085,0.645358502864838,Osmancik
12906,461.203002929688,191.543670654297,86.7273559570313,0.891621708869934,13272,0.738329529762268,Osmancik
12539,442.296997070313,178.601058959961,90.3345794677734,0.862656831741333,12790,0.734477519989014,Osmancik
11343,420.723999023438,173.506652832031,83.8277053833008,0.87554407119751,11512,0.609838724136353,Osmancik
10613,423.329010009766,172.112762451172,79.71240234375,0.886284828186035,10881,0.58696973323822,Osmancik
11659,429.0830078125,171.014236450195,87.7889022827148,0.858183741569519,12017,0.630898296833038,Osmancik
12671,448.838012695313,180.471435546875,90.6984405517578,0.864540040493012,12963,0.661601901054382,Osmancik
10304,416.561004638672,174.274230957031,76.1843948364258,0.89938747882843,10541,0.612240076065064,Osmancik
10928,410.940002441406,171.746139526367,81.3859405517578,0.880592942237854,11132,0.611185669898987,Osmancik
12385,444.678009033203,177.641632080078,90.3331909179687,0.861053943634033,12724,0.736544728279114,Osmancik
11682,423.373992919922,168.399490356445,89.3741912841797,0.847542703151703,11963,0.715808808803558,Osmancik
13043,442.497985839844,173.803634643555,96.697509765625,0.830940902233124,13278,0.647648811340332,Osmancik
11116,419.713989257813,173.077056884766,82.3173370361328,0.879655778408051,11335,0.601645350456238,Osmancik
12569,454.10400390625,192.091720581055,83.9365081787109,0.899480640888214,12811,0.566783905029297,Osmancik
11081,414.079010009766,169.008834838867,84.3262786865234,0.866633117198944,11289,0.789920151233673,Osmancik
11813,430.255004882813,172.569534301758,88.0267639160156,0.860118389129639,12088,0.717504858970642,Osmancik
13111,457.018005371094,188.334335327148,90.1302337646484,0.878052115440369,13323,0.779442369937897,Osmancik
13400,468.227996826172,187.62873840332,92.6911239624024,0.869454264640808,13756,0.599713563919067,Osmancik
11154,427.221984863281,174.317810058594,82.1760940551758,0.881911277770996,11506,0.608577013015747,Osmancik
10236,398.537994384766,160.849014282227,82.4916000366211,0.858477592468262,10392,0.795647084712982,Osmancik
11342,429.781005859375,179.138137817383,81.868049621582,0.889461159706116,11532,0.578939318656921,Osmancik
12445,440.576995849609,184.655212402344,86.3101959228516,0.884039223194122,12597,0.672302961349487,Osmancik
10737,412.305999755859,165.551620483398,83.9219284057617,0.861991345882416,11017,0.614104330539703,Osmancik
11490,421.1669921875,167.710113525391,88.5562744140625,0.849224627017975,11793,0.755424082279205,Osmancik
10588,404.324005126953,163.662078857422,83.9691543579102,0.858350217342377,10756,0.614866435527802,Osmancik
12303,439.341003417969,184.300018310547,85.2923736572266,0.886467456817627,12468,0.597465038299561,Osmancik
12120,439.713989257813,181.697937011719,85.9925384521484,0.880916357040405,12335,0.602535426616669,Osmancik
10286,406.713012695313,171.050674438477,77.4487228393555,0.891621053218842,10469,0.618446350097656,Osmancik
11130,413.408996582031,168.745880126953,85.284797668457,0.862882971763611,11320,0.788802266120911,Osmancik
11802,430.052001953125,175.274749755859,86.6631698608398,0.869210720062256,12024,0.621255993843079,Osmancik
8702,381.205993652344,160.718826293945,69.7333450317383,0.900968670845032,8924,0.641173005104065,Osmancik
10783,418.680999755859,171.365203857422,82.1244125366211,0.877685964107513,11133,0.593450725078583,Osmancik
12146,442.247009277344,176.506164550781,89.7515869140625,0.8610680103302,12502,0.775408565998077,Osmancik
